wombus_id,birth_continent,gender,age,college_degree,problem_solving_skill,technology_skill,english_skill,most_recent_income,total_jobs,shirt_color_preference,customer_exp_preference,work_env_preference,personal_growth_preference,honest_communication_preference,community_service_preference,remote_work_preference,industry_preference
1105,,Female,,0,8.400397075,23.34827061,9.105426448,"77,367",5,Purple,Strongly Disagree,Strongly Agree,Agree,Neutral,Strongly Agree,Hybrid,Higher Education
1106,North America,Female,52,1,7.787927159,24.79982541,9.09571266,"78,979",4,Blue,Neutral,Strongly Disagree,Disagree,Strongly Agree,Strongly Agree,Hybrid,Finance
1107,North America,Male,32,0,23.00573899,25.48492698,8.967304833,"38,932",,Blue,Strongly Disagree,Disagree,Agree,Agree,Neutral,On-Site,Finance
1108,Africa,Male,49,0,15.56586595,,5.914386994,"58,511",,Purple,Disagree,Strongly Agree,Agree,Neutral,Strongly Agree,,Tech
1109,North America,Male,47,0,12.7843661,30.61928328,8.751296012,"65,831",,Purple,Strongly Disagree,Disagree,Neutral,Strongly Agree,Strongly Agree,On-Site,Renewable Energy
1110,North America,Male,41,,23.58508552,27.17905976,9.04211075,"37,408",3,Purple,Strongly Disagree,Disagree,Agree,Neutral,Strongly Agree,Hybrid,Finance
1111,Africa,Female,54,0,14.47848974,27.20571805,4.806768172,"61,372",4,Purple,Disagree,Disagree,Agree,Disagree,Strongly Agree,Hybrid,Higher Education
1112,,Male,54,1,17.66461025,23.03948846,6.377979857,"52,988",5,Purple,Strongly Agree,Disagree,Disagree,Neutral,Strongly Agree,Hybrid,Higher Education
1113,Asia,Male,40,0,,24.27783331,,"53,792",,Purple,Agree,Disagree,Agree,,Strongly Agree,Hybrid,
1114,North America,Male,57,0,16.82255508,29.27679847,8.124911132,,3,Purple,Neutral,Strongly Agree,Agree,Strongly Agree,Strongly Agree,Hybrid,Higher Education
1115,North America,Female,44,0,10.40299269,26.45908168,8.086716154,"72,097",4,Blue,Strongly Disagree,Strongly Agree,Disagree,Strongly Agree,Agree,On-Site,Finance
1116,Asia,Female,52,0,19.08569867,28.60790649,5.213967203,"49,248",3,Blue,Strongly Agree,Strongly Agree,Disagree,Strongly Disagree,Strongly Agree,Remote,Tech
1117,Asia,Male,35,1,11.93370702,24.60372903,5.893328495,"68,069",,Purple,Strongly Disagree,Disagree,Neutral,Strongly Agree,Strongly Agree,Hybrid,Renewable Energy
1118,North America,Female,35,0,16.1049772,,9.299056394,,,Blue,Strongly Disagree,Agree,Disagree,Neutral,Strongly Agree,,Finance
1119,Asia,Female,59,,15.83960103,26.28544632,5.964916638,"57,791",4,Purple,Strongly Agree,Strongly Agree,Agree,Neutral,Strongly Agree,Hybrid,Finance
1120,North America,Male,53,0,15.64279293,16.48122799,,"58,308",6,Purple,Strongly Agree,Agree,Agree,Strongly Agree,Strongly Agree,,Higher Education
1121,North America,Female,41,0,10.81682913,29.96742828,8.285216522,"71,008",3,Purple,Agree,Neutral,Strongly Agree,Strongly Disagree,Strongly Agree,,Tech
1122,North America,Female,37,0,14.68646003,28.32157578,7.870972801,"60,825",4,Blue,,Strongly Agree,Agree,Strongly Disagree,Strongly Agree,On-Site,Finance
1123,Africa,Male,47,1,15.01662722,25.74735004,6.284590012,"59,956",,Blue,Agree,Strongly Agree,Agree,Neutral,Strongly Agree,Hybrid,Finance
1124,Africa,Male,44,0,21.54572134,22.81105225,6.833563823,"42,774",4,Purple,Neutral,Disagree,Agree,Strongly Agree,Agree,On-Site,Finance
1125,,Female,44,1,10.98128562,26.04266649,5.724452903,"70,576",,Purple,Disagree,Neutral,Disagree,Neutral,Strongly Agree,Hybrid,Renewable Energy
1126,Asia,Female,32,1,24.56806868,29.61428071,6.236458086,"34,821",,Blue,Agree,Strongly Agree,Agree,Neutral,Strongly Agree,Hybrid,Renewable Energy
1127,Asia,Female,27,0,22.26043245,27.01931993,,"40,894",4,Purple,Strongly Agree,Neutral,Strongly Agree,Neutral,Agree,Hybrid,Tech
1128,North America,Male,43,0,10.03546968,29.62154628,9.038703192,"73,065",,Purple,Neutral,Strongly Agree,Agree,Strongly Agree,Strongly Agree,On-Site,Renewable Energy
1129,North America,Female,37,0,13.38728897,23.80141821,9.110968655,"64,244",,Blue,Strongly Agree,Disagree,Disagree,Neutral,Strongly Agree,Hybrid,Higher Education
1130,North America,Female,31,1,16.7828387,28.18443803,8.784578905,"55,308",3,Purple,Agree,Neutral,Agree,Disagree,Strongly Agree,Hybrid,Higher Education
1131,North America,Female,44,0,18.82307561,,,"49,939",3,Blue,Strongly Disagree,Neutral,Agree,Neutral,Strongly Agree,Remote,Higher Education
1132,North America,Male,46,1,18.50330755,19.92876441,9.582859116,"50,781",,Purple,Strongly Disagree,Disagree,Agree,Neutral,Strongly Agree,On-Site,Tech
1133,Asia,Female,40,0,12.6196628,27.25358397,5.39092107,"66,264",,Purple,Strongly Disagree,Strongly Agree,Agree,Strongly Agree,Strongly Agree,On-Site,Tech
1134,,Female,51,1,13.64272854,20.76590193,6.721377092,"63,572",5,Blue,Disagree,Strongly Agree,Agree,Neutral,Strongly Agree,Hybrid,Finance
1135,North America,Male,49,0,15.07113051,,8.545327485,"59,813",,Blue,,Neutral,Disagree,Disagree,Strongly Agree,Hybrid,Higher Education
1136,Asia,Female,54,1,14.15954916,30.56208552,5.743213944,"62,212",,Purple,,Strongly Agree,Agree,Neutral,Strongly Agree,On-Site,Higher Education
1137,,Male,39,,12.34530437,25.33125999,9.335059242,"66,986",4,Blue,Agree,Strongly Agree,Agree,Neutral,Strongly Agree,On-Site,Tech
1138,Asia,Female,43,1,11.82886192,21.07264969,6.860045472,"68,345",,Purple,,Strongly Agree,Agree,Disagree,Agree,Hybrid,Finance
1139,North America,Male,39,,21.32942378,5.327609627,,"43,344",,Purple,Agree,Strongly Agree,Agree,Strongly Disagree,Strongly Agree,,Tech
1140,North America,Female,,0,26.0254714,26.03470274,,"30,986",,Blue,Neutral,Neutral,Agree,Neutral,Strongly Agree,Hybrid,Higher Education
1141,North America,Female,51,0,15.18482641,21.80546327,9.44145974,"59,514",5,Purple,Strongly Agree,Strongly Agree,Agree,Disagree,Strongly Agree,,Finance
1142,North America,Male,,0,15.17243765,18.42861732,9.367990594,"59,546",6,Blue,Agree,Neutral,,Neutral,Strongly Agree,On-Site,Renewable Energy
1143,Asia,Male,32,0,9.393731155,23.27818793,6.190890325,"74,753",,Blue,Agree,Disagree,Agree,Strongly Disagree,Strongly Agree,On-Site,Tech
1144,North America,Female,43,0,16.95203506,27.36985823,8.960939488,"54,863",3,Purple,Neutral,Disagree,Strongly Disagree,Neutral,Neutral,Hybrid,Finance
1145,North America,Female,49,0,17.54008154,17.46513011,9.725277177,"53,316",,Purple,Strongly Disagree,Neutral,Agree,,Strongly Agree,Hybrid,Higher Education
1146,Asia,Female,46,1,18.92664417,23.49713034,6.639827955,"49,667",4,Purple,Strongly Agree,Disagree,Agree,Neutral,Disagree,Remote,Tech
1147,Asia,Female,44,1,5.480091434,28.14614501,,"85,052",4,Blue,Agree,Strongly Agree,Disagree,Neutral,Strongly Agree,Hybrid,Tech
1148,North America,Male,47,0,14.59483018,30.86658148,8.004031956,"61,066",3,Purple,Agree,Disagree,Agree,Strongly Agree,Strongly Agree,Remote,Tech
1149,North America,Male,30,0,13.62027658,25.65972738,8.82249036,"63,631",4,Purple,Strongly Agree,Neutral,Strongly Disagree,,Disagree,Hybrid,Finance
1150,Asia,Male,39,0,10.77315949,19.22901996,6.645932786,"71,123",,Purple,,Agree,Disagree,Neutral,Strongly Agree,On-Site,Finance
1151,Asia,Male,58,0,17.24853922,29.48838755,,"54,083",3,Purple,Strongly Disagree,Disagree,Agree,Neutral,Agree,Hybrid,Higher Education
1152,Africa,Male,44,0,9.129758492,30.19365871,5.861198267,"75,448",3,Purple,,Strongly Disagree,Disagree,Strongly Disagree,Strongly Agree,On-Site,Higher Education
1153,North America,Male,48,0,5.589710083,29.42334658,8.283068598,"84,764",,Blue,Agree,Disagree,Agree,Disagree,Strongly Agree,,Tech
1154,South America,Female,56,0,25.92389257,15.78815665,9.739748258,"31,253",6,Purple,Disagree,Strongly Disagree,Disagree,,Strongly Agree,Remote,Higher Education
1155,Asia,Female,27,0,5.895108408,29.26129222,6.245150871,,3,Purple,Agree,Strongly Agree,Agree,Strongly Agree,Agree,On-Site,Tech
1156,Asia,Male,61,0,14.50126585,,6.408534316,"61,312",3,Blue,Agree,Neutral,Agree,Neutral,Strongly Agree,On-Site,Higher Education
1157,Africa,Male,46,0,13.84328429,23.81843928,,"63,044",,Purple,Agree,Strongly Disagree,Agree,Neutral,Strongly Agree,,Tech
1158,Asia,Male,45,0,10.52889778,28.95567924,6.418718592,"71,766",3,Purple,Strongly Agree,Strongly Agree,Strongly Disagree,Neutral,Strongly Agree,Hybrid,Tech
1159,North America,Male,49,1,14.50640219,20.84674024,9.363129158,"61,299",5,Blue,Neutral,Agree,,Neutral,Strongly Agree,Hybrid,Renewable Energy
1160,North America,Male,62,0,14.18794544,,8.820684929,"62,137",3,Purple,Strongly Disagree,Strongly Agree,Disagree,Strongly Agree,Strongly Agree,On-Site,Tech
1161,North America,Female,44,0,14.62014128,24.33777158,8.969412746,"61,000",5,Blue,Agree,Disagree,,Neutral,Strongly Agree,Hybrid,Higher Education
1162,North America,Male,50,0,15.18185625,25.15913798,9.002916811,"59,521",,Purple,Agree,Strongly Agree,Agree,,Strongly Agree,Hybrid,Finance
1163,North America,Male,55,1,13.57520352,27.43224021,8.998716229,"63,749",3,Purple,Disagree,Disagree,Agree,Neutral,Strongly Agree,Remote,Tech
1164,Africa,Male,47,0,13.46241029,24.70728514,6.431547684,"64,046",,Purple,Strongly Agree,Strongly Agree,Agree,Disagree,Strongly Agree,On-Site,Higher Education
1165,North America,Male,58,1,,21.67092505,9.523949121,"63,382",5,Blue,,Disagree,Agree,Strongly Agree,Agree,Hybrid,Higher Education
1166,Africa,Male,48,0,14.24524088,27.68282397,6.381238419,"61,986",3,Purple,Disagree,Strongly Agree,Agree,Disagree,Disagree,Hybrid,Tech
1167,North America,Female,54,1,20.30845888,28.50245146,,"46,030",4,Blue,Strongly Disagree,Strongly Agree,Agree,Strongly Agree,Strongly Agree,On-Site,Finance
1168,Africa,Female,23,0,17.81770606,23.16867215,6.61320791,"52,585",4,Blue,Strongly Disagree,Strongly Agree,Disagree,Strongly Disagree,Strongly Agree,On-Site,Renewable Energy
1169,Europe,Male,41,1,10.57561974,16.33145976,6.944454217,"71,643",6,Blue,Strongly Agree,Neutral,Agree,Disagree,Agree,Remote,Tech
1170,North America,Male,49,0,18.48187636,28.67847358,9.394580684,"50,837",2,Blue,Strongly Disagree,Strongly Agree,Strongly Agree,Neutral,Strongly Agree,Hybrid,Tech
1171,Africa,Female,45,0,15.96158201,27.62818549,5.786990089,"57,470",4,Blue,Strongly Disagree,Disagree,,Neutral,Disagree,Hybrid,Finance
1172,South America,Female,36,0,8.571432044,16.89128559,,"76,917",5,Blue,Strongly Disagree,Strongly Agree,Disagree,Neutral,Strongly Agree,On-Site,Higher Education
1173,,Female,28,,17.92454866,22.02367864,,"52,304",4,Purple,Strongly Disagree,Disagree,Agree,Neutral,Strongly Agree,On-Site,Renewable Energy
1174,North America,Female,50,,12.0104809,24.04697052,9.490440891,"67,867",4,Blue,Neutral,Disagree,Disagree,,Strongly Agree,Remote,Higher Education
1175,Asia,Female,40,0,14.41020289,24.26132319,6.62576811,"61,552",,Purple,,Strongly Disagree,Disagree,Strongly Agree,Strongly Agree,Remote,Tech
1176,Asia,Male,61,1,11.6723905,18.45176809,6.930951206,"68,757",,Blue,Disagree,Disagree,Agree,Strongly Agree,Strongly Agree,On-Site,Tech
1177,North America,Female,52,0,5.113706614,19.15090761,,"86,017",5,Blue,Neutral,Disagree,Disagree,Neutral,Strongly Agree,Remote,Renewable Energy
1178,North America,Female,40,0,12.53436316,32.7894208,7.927695115,"66,489",,Blue,Neutral,Strongly Agree,Disagree,Neutral,Strongly Agree,Hybrid,Finance
1179,North America,Male,44,0,13.68262572,26.3162855,8.748536509,"63,467",4,Purple,Neutral,Strongly Disagree,Agree,Neutral,Strongly Agree,On-Site,Tech
1180,North America,Female,39,0,16.83164591,29.33109184,8.47956525,"55,180",3,Purple,Agree,Strongly Agree,Agree,Neutral,Agree,On-Site,Tech
1181,North America,Female,36,,21.60462229,33.1168815,8.62894864,"42,619",1,Blue,Disagree,Disagree,Agree,Neutral,Agree,Hybrid,Tech
1182,North America,Female,38,1,,24.26297281,9.34975714,"70,600",4,Blue,Strongly Disagree,Disagree,Agree,Neutral,Strongly Agree,Hybrid,Finance
1183,North America,Female,60,0,4.43290938,23.91101221,9.366827263,"87,808",,Blue,Strongly Disagree,Neutral,Disagree,Neutral,Strongly Agree,Hybrid,Finance
1184,North America,Male,42,0,16.77988937,28.54156175,8.9243139,,3,Purple,Agree,Neutral,Agree,Strongly Agree,Strongly Agree,Hybrid,Finance
1185,South America,Male,49,0,12.89393509,26.76172384,9.407773936,"65,542",3,Blue,Neutral,Strongly Agree,Agree,Neutral,Strongly Agree,Hybrid,Finance
1186,Asia,Female,55,0,12.3008417,31.05877084,5.665381093,"67,103",2,Purple,,Strongly Disagree,Disagree,Neutral,Strongly Agree,Hybrid,Tech
1187,Asia,Male,52,0,16.40844296,16.45930935,,"56,294",6,Blue,Disagree,Neutral,Agree,Neutral,Agree,Hybrid,Finance
1188,North America,Male,37,0,5.767596084,28.24913743,9.107187797,"84,296",,Purple,Strongly Disagree,Strongly Agree,Agree,Agree,Strongly Agree,Hybrid,Finance
1189,Asia,Female,35,0,17.45478836,25.40320568,5.859374245,"53,540",4,Purple,Strongly Disagree,Strongly Agree,Disagree,Neutral,Strongly Agree,On-Site,Tech
1190,North America,Female,27,1,9.576362315,28.98841856,6.922211904,"74,273",3,Blue,Strongly Disagree,Strongly Agree,Agree,Disagree,Strongly Agree,On-Site,Renewable Energy
1191,North America,Female,38,0,15.07699655,25.24255238,9.021909951,"59,797",4,Purple,Agree,Disagree,Neutral,Neutral,Strongly Agree,Hybrid,Tech
1192,North America,Male,37,0,13.54980266,26.9203531,9.121360177,"63,816",3,Purple,Agree,Disagree,Strongly Agree,Neutral,Disagree,On-Site,Renewable Energy
1193,North America,Male,45,0,14.78234879,26.55176803,,"60,573",,Blue,Agree,Strongly Disagree,,Disagree,Strongly Agree,On-Site,Finance
1194,Africa,Female,42,0,19.97806294,25.66533885,6.662973253,"46,900",3,Purple,Agree,Neutral,Agree,Neutral,Strongly Agree,Remote,Finance
1195,Asia,Female,66,0,13.70218928,14.42453775,7.061380715,"63,415",6,Purple,,Neutral,Agree,Neutral,Agree,Hybrid,Renewable Energy
1196,North America,Female,38,1,13.14901157,,8.191703479,"64,871",4,Purple,Disagree,Strongly Disagree,Strongly Agree,Neutral,Agree,Hybrid,Tech
1197,North America,Male,46,0,16.07486125,22.41177465,9.544852006,"57,171",4,Blue,Strongly Disagree,Disagree,Disagree,Neutral,,On-Site,Tech
1198,North America,Female,49,0,15.05021756,,9.62324897,"59,868",6,Blue,Strongly Disagree,Neutral,Disagree,Strongly Agree,Strongly Agree,Hybrid,Tech
1199,North America,Female,46,0,16.87938647,29.22340921,,"55,054",3,Blue,Agree,Strongly Agree,Agree,Neutral,Strongly Agree,Remote,Renewable Energy
1200,North America,Female,29,0,18.53202611,2.928836467,9.989034112,"50,705",9,Purple,Neutral,Strongly Disagree,Agree,Strongly Disagree,Neutral,Hybrid,Tech
1201,Asia,Female,54,0,12.69108962,25.94943463,6.390514551,"66,076",4,Blue,,Agree,Disagree,Neutral,Agree,On-Site,Finance
1202,North America,Female,,0,,25.09151296,,"56,462",5,Blue,Agree,Strongly Disagree,Agree,Neutral,Strongly Agree,Hybrid,Tech
1203,North America,Female,49,0,20.47144101,25.22098181,8.967628674,"45,601",4,Blue,Agree,Strongly Agree,Agree,Neutral,Strongly Agree,Hybrid,Tech
1204,North America,Male,35,0,11.73367669,25.8713252,,"68,596",,Purple,,Strongly Agree,Agree,Strongly Disagree,Agree,Hybrid,Renewable Energy
1205,North America,Male,40,0,14.91992313,17.92372591,9.501990141,"60,211",6,Purple,Strongly Disagree,Disagree,Agree,Strongly Disagree,Strongly Agree,Hybrid,Renewable Energy
1206,North America,Female,37,1,12.72945712,,,"65,975",,Purple,Disagree,Strongly Agree,Agree,Strongly Agree,Agree,Hybrid,Renewable Energy
1207,Asia,Female,49,0,6.818716201,29.11061637,6.417146749,"81,530",,Purple,Agree,Strongly Disagree,Neutral,Neutral,Strongly Agree,Remote,Tech
1208,North America,Female,54,0,13.77921723,25.3688747,8.958299054,"63,213",4,Blue,Agree,Disagree,Agree,Strongly Disagree,Strongly Agree,Hybrid,Higher Education
1209,Asia,Female,26,0,19.31114261,23.02875494,6.751648687,"48,655",,Blue,Strongly Disagree,Strongly Disagree,Disagree,Strongly Agree,Strongly Agree,On-Site,Finance
1210,North America,Male,64,1,7.445124456,19.73077206,9.675103039,"79,881",,Purple,Agree,Strongly Agree,Neutral,Strongly Agree,Disagree,Hybrid,Tech
1211,Asia,Female,36,0,21.9496046,29.8304839,5.202859428,"41,712",3,Blue,Strongly Agree,Neutral,,Neutral,Agree,Hybrid,Tech
1212,Asia,Female,58,0,13.96000089,19.28203505,7.045354491,"62,737",,Purple,Agree,Neutral,,Strongly Agree,Strongly Agree,,Finance
1213,North America,Female,45,0,8.896368728,22.14615629,9.380359116,"76,062",,Blue,Strongly Disagree,Disagree,Strongly Agree,Neutral,Strongly Agree,Hybrid,Finance
1214,South America,Male,44,0,14.25375339,,,"61,964",4,Purple,,Strongly Agree,Agree,Strongly Disagree,Strongly Agree,Remote,Finance
1215,Asia,Female,52,,12.42072608,10.54888649,,"66,788",,Purple,Strongly Agree,Strongly Agree,Agree,Neutral,Strongly Agree,On-Site,Finance
1216,North America,Female,43,0,12.19823559,29.17786556,8.942429669,"67,373",,Blue,Strongly Disagree,Neutral,Agree,Neutral,Strongly Agree,Remote,Renewable Energy
1217,Europe,Male,45,0,7.563494548,28.19636067,,"79,570",,Purple,Strongly Disagree,Strongly Disagree,,Strongly Agree,Agree,,Renewable Energy
1218,North America,Female,50,0,16.44124268,26.36272033,,"56,207",4,Purple,Strongly Disagree,Strongly Agree,Agree,Neutral,Agree,Hybrid,Renewable Energy
1219,North America,Female,44,1,,18.70628437,9.59703739,"64,122",6,Purple,Strongly Disagree,Disagree,Agree,Neutral,Strongly Agree,Hybrid,Tech
1220,,Male,34,0,10.23131016,23.63045214,9.405720355,"72,549",4,Purple,Strongly Disagree,Strongly Agree,,Neutral,Strongly Agree,On-Site,Finance
1221,,Female,34,0,14.95295929,26.20392943,8.947240433,"60,124",4,Blue,,Disagree,Agree,Neutral,Agree,On-Site,Finance
1222,Asia,Female,46,0,11.73647046,31.2646826,3.728726926,"68,588",,Purple,Agree,Disagree,Strongly Disagree,Strongly Disagree,Strongly Agree,,Tech
1223,North America,Male,41,0,11.56293536,28.15981881,,,4,Blue,Agree,Strongly Agree,Neutral,Neutral,Strongly Agree,On-Site,Finance
1224,Asia,Male,50,0,17.45357168,29.70409233,5.880375458,"53,543",3,Purple,,Strongly Agree,Agree,Agree,Strongly Agree,On-Site,Renewable Energy
1225,North America,Female,40,0,11.02696911,29.1770113,,"70,455",3,Blue,Strongly Disagree,Disagree,Disagree,Agree,Strongly Agree,On-Site,Tech
1226,North America,Female,43,0,22.41296113,18.62909544,,"40,492",6,Purple,Strongly Agree,Strongly Disagree,Agree,Neutral,Strongly Agree,Remote,Tech
1227,North America,Male,38,0,18.0418602,21.21913284,9.628239485,"51,995",4,Blue,Agree,Neutral,Neutral,Neutral,Agree,Hybrid,Higher Education
1228,North America,Female,53,0,10.18576702,7.793443703,10.03386582,"72,669",7,Purple,Strongly Disagree,Neutral,Neutral,Neutral,Agree,,Tech
1229,North America,Male,69,1,10.98239065,21.1913856,9.194934357,"70,573",6,Purple,Agree,Strongly Disagree,Agree,Agree,Strongly Agree,Hybrid,Tech
1230,Africa,Female,60,0,11.73139183,25.07790121,5.79406645,"68,602",5,Blue,Strongly Disagree,Strongly Agree,Agree,Neutral,Agree,Hybrid,Finance
1231,North America,Male,37,0,13.13661813,,9.79569688,"64,904",5,Purple,Disagree,Neutral,Agree,Neutral,Strongly Agree,Hybrid,Tech
1232,Asia,Female,50,0,13.94267553,26.69058443,6.265219066,"62,782",4,Purple,Disagree,Strongly Agree,Agree,Disagree,Strongly Agree,On-Site,Higher Education
1233,North America,Female,41,0,14.35833066,31.27766173,9.026175503,"61,689",2,Purple,Disagree,Strongly Agree,Strongly Agree,Neutral,Strongly Agree,On-Site,Tech
1234,Asia,Female,65,0,11.10198866,22.37993113,6.482839205,"70,258",5,Blue,Disagree,Strongly Agree,Agree,Neutral,Disagree,On-Site,Renewable Energy
1235,North America,Male,18,0,14.11257528,26.85794862,9.179727449,"62,335",3,Blue,,Strongly Agree,Disagree,Neutral,Agree,,Finance
1236,South America,Female,60,0,18.04389403,26.92565265,8.866106802,"51,990",4,Purple,Strongly Disagree,Agree,Disagree,Disagree,Agree,,Tech
1237,Asia,Female,62,0,13.37771639,28.60790036,6.291170005,"64,269",3,Blue,Agree,Strongly Agree,Neutral,Strongly Disagree,Agree,Remote,Higher Education
1238,South America,Male,26,0,10.17868731,31.01247496,8.549892427,"72,688",,Blue,Strongly Disagree,Strongly Disagree,Strongly Agree,Strongly Agree,Strongly Agree,Hybrid,Higher Education
1239,Asia,Female,49,0,17.4021182,22.31935171,6.29126524,"53,679",5,Purple,Agree,Strongly Agree,Agree,Neutral,Strongly Agree,Hybrid,Finance
1240,North America,Male,50,,15.66883203,22.03261225,,"58,240",5,Purple,Agree,Strongly Agree,Strongly Disagree,Neutral,Strongly Agree,On-Site,Finance
1241,Asia,Male,59,0,15.792837,30.60318578,3.638856926,"57,914",,Blue,,Strongly Agree,Disagree,Neutral,Agree,Remote,Finance
1242,North America,Female,45,0,14.00084092,26.62975607,9.159117415,"62,629",3,Purple,Agree,Disagree,Agree,Neutral,Strongly Agree,Hybrid,Finance
1243,North America,Male,53,0,10.09030873,22.45530011,9.538177471,"72,920",4,Blue,Strongly Disagree,Strongly Disagree,Agree,Strongly Disagree,Strongly Agree,Hybrid,Tech
1244,North America,Female,36,0,11.56929575,13.66561876,9.864012129,"69,028",,Blue,Disagree,Disagree,Strongly Agree,Neutral,Agree,Hybrid,Higher Education
1245,Asia,Male,39,0,12.85211778,24.28560459,6.693151905,"65,652",4,Purple,Strongly Agree,Disagree,Agree,Neutral,Strongly Agree,On-Site,Finance
1246,North America,Male,36,,16.22614875,20.98067935,9.406847293,"56,773",,Purple,Strongly Disagree,Neutral,Agree,Neutral,Agree,Hybrid,Renewable Energy
1247,North America,Female,58,0,15.60490969,29.67934942,8.924973453,"58,408",3,Blue,Agree,Disagree,Disagree,Strongly Agree,Strongly Agree,Remote,Higher Education
1248,North America,Male,44,0,16.74815349,27.7842032,9.279976673,"55,400",3,Purple,,Neutral,Agree,Neutral,Strongly Agree,Remote,Tech
1249,,Male,40,0,16.77170488,24.28711362,9.477374215,"55,338",4,Purple,Strongly Disagree,Strongly Disagree,Strongly Agree,Neutral,Strongly Agree,Hybrid,Finance
1250,North America,Male,34,,13.95283162,23.45934502,,"62,756",,Blue,Strongly Disagree,Strongly Agree,Agree,Strongly Agree,Strongly Agree,Hybrid,Finance
1251,Asia,Female,47,0,11.9853457,19.31328532,6.932971208,"67,933",5,Blue,Strongly Disagree,Strongly Agree,Agree,Disagree,Strongly Agree,Hybrid,Finance
1252,North America,Female,42,,22.14162381,27.23724192,8.997872447,"41,206",3,Blue,Neutral,Strongly Agree,Strongly Disagree,Disagree,Agree,On-Site,Higher Education
1253,North America,Male,24,0,15.54136272,29.11985304,,"58,575",3,Purple,Strongly Agree,Disagree,Strongly Disagree,Neutral,Strongly Agree,Hybrid,Higher Education
1254,North America,Female,41,0,13.6767868,23.14666379,9.463761842,"63,482",4,Blue,Strongly Disagree,Strongly Agree,Neutral,Neutral,Strongly Agree,Hybrid,Tech
1255,North America,Male,56,0,,31.09828091,,"51,904",,Purple,Agree,Strongly Disagree,Strongly Disagree,Strongly Agree,Strongly Disagree,,Renewable Energy
1256,Europe,Male,33,0,21.63876848,26.87791333,6.353628447,"42,530",3,Purple,Strongly Disagree,Neutral,Disagree,Neutral,Agree,Hybrid,Renewable Energy
1257,North America,Female,42,0,15.57758821,23.13797743,9.371734704,"58,480",4,Purple,Strongly Disagree,Neutral,Agree,Neutral,Strongly Agree,On-Site,Renewable Energy
1258,Asia,Female,38,0,13.18127137,26.9479336,5.939844294,"64,786",4,Purple,Agree,Strongly Agree,Agree,Strongly Disagree,Strongly Agree,Hybrid,Finance
1259,Asia,Female,41,,14.84280487,23.87570148,,"60,414",4,Blue,Strongly Disagree,Neutral,Agree,Strongly Agree,Strongly Agree,Remote,Higher Education
1260,North America,Female,35,1,15.3726979,22.56947887,9.375905229,"59,019",,Blue,Agree,Strongly Agree,Agree,Neutral,Agree,Remote,Tech
1261,Asia,Male,47,0,19.03002302,27.65968204,,"49,395",3,,Agree,Strongly Agree,Agree,Neutral,Strongly Agree,Hybrid,Tech
1262,North America,Male,39,,,21.65964363,9.651603893,"45,991",4,Blue,Strongly Disagree,Neutral,Agree,Neutral,Strongly Agree,Hybrid,Finance
1263,Africa,Female,47,0,16.79853381,20.9259021,6.850553224,"55,267",,Purple,Agree,Disagree,Disagree,Strongly Agree,Strongly Agree,On-Site,Renewable Energy
1264,South America,Male,62,0,,28.25978056,9.09157288,"50,824",,Purple,Strongly Disagree,Neutral,Agree,Agree,Strongly Agree,On-Site,Renewable Energy
1265,North America,Female,50,,17.9969143,30.20887266,,"52,113",,Blue,Strongly Disagree,Strongly Disagree,Disagree,Neutral,Strongly Agree,Hybrid,Finance
1266,North America,Female,61,1,22.91491951,28.74888345,9.180369216,"39,171",,Blue,Strongly Disagree,Neutral,Agree,Disagree,Strongly Agree,Hybrid,Finance
1267,North America,Male,42,0,15.27088846,25.04737482,9.470204182,"59,287",3,Purple,Strongly Agree,Strongly Agree,Strongly Disagree,Neutral,Strongly Agree,Hybrid,Higher Education
1268,North America,Female,38,0,14.51715814,25.71185375,9.155598931,"61,271",,Blue,Agree,Strongly Agree,Agree,Neutral,Agree,On-Site,Finance
1269,North America,Female,56,1,15.71484437,28.0706141,8.75909906,"58,119",3,Blue,Disagree,Strongly Agree,Agree,Neutral,Strongly Agree,Hybrid,Renewable Energy
1270,,Female,24,,11.32859822,31.20782181,7.550927142,"69,662",,Purple,Strongly Disagree,Disagree,,Neutral,Strongly Agree,Hybrid,Tech
1271,Asia,Male,51,0,12.02491909,23.34850556,6.858841373,"67,829",4,Blue,Strongly Disagree,Disagree,Strongly Disagree,Strongly Agree,Agree,On-Site,Finance
1272,Asia,Male,40,,17.00188887,27.91356847,5.520794439,"54,732",4,Purple,Strongly Disagree,Strongly Agree,Agree,Strongly Agree,Strongly Agree,Hybrid,Higher Education
1273,Asia,Female,48,0,13.71030158,19.11525576,6.870607215,"63,394",,Blue,Strongly Disagree,Strongly Agree,Disagree,Neutral,Agree,Hybrid,Finance
1274,Asia,Male,37,0,16.42166564,16.75479341,,"56,259",,Purple,Strongly Disagree,Disagree,Agree,Neutral,Strongly Agree,Remote,Renewable Energy
1275,North America,Female,46,0,7.866420913,26.71933754,,"78,773",3,Purple,Agree,Disagree,Agree,Neutral,Strongly Agree,Hybrid,Renewable Energy
1276,North America,Female,32,0,17.10113501,27.43040567,9.339327388,"54,471",3,Purple,Strongly Agree,Disagree,Strongly Agree,Strongly Disagree,Strongly Agree,Remote,Finance
1277,North America,Male,48,1,7.728669476,33.33082241,6.996904328,"79,135",2,Blue,Agree,Neutral,Agree,Neutral,Strongly Agree,Hybrid,Finance
1278,Asia,Male,38,0,15.06496695,24.45624648,6.67641884,"59,829",4,Purple,Strongly Agree,Disagree,Disagree,Neutral,Strongly Agree,Hybrid,Higher Education
1279,North America,Male,37,0,19.99593283,26.06431264,8.516344079,,4,Purple,Neutral,Strongly Disagree,Disagree,Strongly Disagree,Strongly Agree,On-Site,Higher Education
1280,North America,Male,52,0,15.46875271,17.51507355,,"58,766",6,Purple,Agree,Disagree,Agree,Neutral,Strongly Agree,Hybrid,Renewable Energy
1281,North America,Female,56,0,12.81950859,28.19953626,7.419501881,"65,738",4,Blue,Strongly Disagree,Disagree,Strongly Agree,Strongly Agree,Strongly Agree,On-Site,Finance
1282,Asia,Female,49,0,14.7778593,28.80831525,,"60,585",3,Purple,Neutral,Neutral,Disagree,Neutral,Strongly Agree,On-Site,Finance
1283,,Female,43,0,15.01499154,23.63092318,6.61445106,"59,961",4,Blue,Strongly Agree,Neutral,Agree,Neutral,Agree,Hybrid,Renewable Energy
1284,North America,Female,66,0,14.15013834,27.30977702,7.804315726,"62,236",,Purple,Strongly Agree,Strongly Disagree,Disagree,Neutral,Agree,On-Site,Finance
1285,Asia,Male,60,0,,33.23986232,5.916147636,"54,353",1,Purple,Strongly Agree,Neutral,Agree,Strongly Agree,Strongly Agree,On-Site,Higher Education
1286,North America,Female,44,0,17.03476293,29.53413148,9.10249021,"54,645",2,Purple,Strongly Disagree,Disagree,Strongly Agree,Neutral,Strongly Agree,Hybrid,Finance
1287,North America,Male,33,0,16.84983857,18.21807221,9.763226415,"55,132",5,Purple,Agree,Agree,Disagree,Neutral,Strongly Agree,On-Site,Finance
1288,Africa,Male,43,1,12.40488056,,5.869017783,"66,829",4,Purple,Strongly Disagree,Disagree,Agree,Neutral,Agree,Hybrid,Finance
1289,North America,Male,44,0,21.41511344,29.48794696,,"43,118",3,Purple,Agree,Disagree,Disagree,Neutral,Strongly Agree,Hybrid,Finance
1290,North America,Male,33,1,10.82979726,29.99207603,8.834542855,"70,974",3,Purple,Disagree,Neutral,Agree,Neutral,Strongly Agree,Remote,Tech
1291,North America,Female,42,0,11.09929797,10.90506959,,"70,265",6,Purple,Strongly Disagree,Disagree,Agree,,Strongly Agree,Hybrid,Higher Education
1292,Asia,Female,46,0,11.71707033,28.78344449,4.939834612,"68,639",3,Purple,Agree,Neutral,Agree,Strongly Disagree,,,Renewable Energy
1293,Europe,Male,43,0,13.56125855,30.83802798,5.566073729,"63,786",,Purple,Agree,Strongly Disagree,Disagree,Strongly Disagree,Disagree,On-Site,Tech
1294,South America,Male,44,,9.739651032,19.50525964,9.692106582,"73,843",5,Blue,Disagree,Neutral,Disagree,Strongly Disagree,Strongly Agree,Hybrid,Finance
1295,North America,Female,45,0,,28.70265783,,"51,346",3,Purple,Disagree,Agree,Strongly Agree,Strongly Agree,Agree,On-Site,Finance
1296,North America,Female,46,0,15.30836755,27.23375614,8.263095073,"59,189",4,Blue,Strongly Disagree,Disagree,Agree,Neutral,Disagree,Hybrid,Higher Education
1297,North America,Female,37,1,18.29787356,15.88618616,9.765467763,"51,321",,Blue,Agree,Strongly Agree,Agree,Neutral,Strongly Agree,Hybrid,Renewable Energy
1298,Asia,Female,31,,17.40271107,26.81675058,5.96259029,"53,677",4,Purple,Neutral,Neutral,Agree,Strongly Agree,Strongly Agree,On-Site,Tech
1299,Asia,Male,23,0,14.48294192,26.83137679,,"61,361",3,Purple,Agree,Strongly Agree,Agree,Neutral,Strongly Agree,On-Site,Finance
1300,North America,Female,41,1,16.49499459,1,10.08208121,"56,066",9,Purple,Agree,Strongly Agree,Agree,Neutral,Strongly Agree,Hybrid,Tech
1301,North America,Male,51,1,23.75612457,34.26858709,7.559740044,"36,958",1,Purple,Disagree,Strongly Agree,Neutral,Disagree,Strongly Agree,Hybrid,Finance
1302,North America,Female,38,0,9.99584423,22.46333649,9.480560785,"73,169",,Purple,Agree,Strongly Agree,Disagree,Neutral,Strongly Agree,Hybrid,Higher Education
1303,,Female,64,0,16.56182062,30.81465928,7.954020521,"55,890",3,Purple,,Disagree,Strongly Disagree,Strongly Agree,Neutral,On-Site,Finance
1304,Asia,Female,35,0,11.45805863,28.88944152,5.344722733,"69,321",3,,Strongly Disagree,Neutral,Disagree,Neutral,Agree,Hybrid,Renewable Energy
1305,North America,,66,1,11.3410497,27.90424395,7.23857824,"69,629",,Blue,Neutral,Neutral,Agree,Neutral,Strongly Agree,Hybrid,Finance
1306,Asia,Male,50,0,13.58725363,26.0858793,6.548452319,"63,718",3,Blue,Strongly Agree,Strongly Agree,Agree,,Strongly Agree,Hybrid,Tech
1307,North America,Female,31,0,15.56797559,25.66474623,8.615390494,,4,Purple,Strongly Agree,Disagree,Neutral,Strongly Agree,Strongly Agree,,Higher Education
1308,Asia,Male,35,0,13.10899523,23.23858178,5.968310895,"64,976",5,Blue,Strongly Disagree,Disagree,Disagree,Neutral,Strongly Agree,Hybrid,Finance
1309,Asia,Male,45,1,5.224305081,29.12889675,5.369867207,"85,726",3,Purple,,Strongly Agree,Agree,Neutral,Strongly Agree,Remote,Finance
1310,North America,Female,56,0,13.6252542,25.24371357,8.636200395,,5,Purple,,Disagree,Disagree,Neutral,Strongly Agree,Hybrid,Higher Education
1311,Asia,Female,47,0,16.54409402,23.00035718,5.977391777,"55,937",,Blue,Disagree,Disagree,Agree,Strongly Disagree,Agree,Hybrid,Tech
1312,Asia,Male,49,0,14.46093819,,,"61,419",,Blue,Agree,Disagree,Agree,Neutral,Strongly Agree,On-Site,Renewable Energy
1313,Africa,Male,36,0,15.75705223,,6.977236276,"58,008",5,Purple,Strongly Disagree,Neutral,Disagree,Neutral,Strongly Agree,,Tech
1314,North America,Male,51,0,13.532374,27.03993047,,"63,862",4,Purple,Agree,Strongly Agree,Agree,Neutral,Strongly Agree,Hybrid,Tech
1315,North America,Male,72,0,16.0028061,16.32860273,9.617599709,"57,361",,Purple,Agree,Neutral,Strongly Agree,Neutral,Strongly Agree,Hybrid,Tech
1316,North America,Female,37,0,14.24018348,,8.850496531,"62,000",5,Blue,,Disagree,Agree,Disagree,Strongly Agree,On-Site,Renewable Energy
1317,North America,Female,65,,13.41024751,21.54287304,9.528001562,"64,184",5,Purple,Agree,Neutral,Disagree,Strongly Agree,Agree,,Tech
1318,Africa,Male,46,0,15.53809829,,6.938545807,"58,584",4,Purple,Agree,Neutral,Agree,Disagree,Strongly Agree,,Tech
1319,Europe,Male,58,0,14.20007192,,,"62,105",3,Purple,Strongly Agree,Strongly Agree,Neutral,Strongly Agree,Strongly Agree,Hybrid,Tech
1320,Asia,Female,33,0,16.18925597,21.01175459,6.76950379,"56,870",,Purple,Agree,Neutral,Agree,Neutral,Strongly Agree,On-Site,Finance
1321,North America,Female,29,0,18.30799545,17.38614363,9.723944464,"51,295",6,Purple,Agree,Strongly Agree,Agree,Agree,Strongly Agree,On-Site,Tech
1322,Asia,Female,40,0,14.7234702,20.35198991,6.854621677,"60,728",5,Purple,,Disagree,Agree,Neutral,Strongly Agree,Hybrid,Finance
1323,North America,Male,40,,,26.34419108,,"66,745",,Purple,Strongly Disagree,Disagree,Neutral,Neutral,Agree,Hybrid,Finance
1324,Europe,Female,,0,17.37868028,19.74379098,,"53,740",5,Blue,Agree,Disagree,Agree,Neutral,Strongly Agree,Hybrid,Finance
1325,North America,Female,43,,17.99692511,19.78172872,,"52,113",5,,Strongly Agree,Disagree,Agree,Neutral,,Remote,Renewable Energy
1326,North America,Female,56,0,9.865736584,4.926958891,,,8,Blue,Disagree,Strongly Agree,,Strongly Agree,Strongly Agree,On-Site,Tech
1327,North America,Male,39,0,17.04335469,25.38585087,8.889963355,"54,623",,Purple,,Strongly Agree,Agree,Strongly Agree,Strongly Agree,On-Site,Tech
1328,Asia,Female,39,1,17.95137653,25.16620815,6.533580998,"52,233",,Blue,Strongly Disagree,Strongly Agree,Agree,Neutral,Strongly Agree,Hybrid,Higher Education
1329,North America,Female,46,0,14.13532809,25.7106048,8.984400998,"62,275",,Purple,Agree,Strongly Agree,Agree,Strongly Agree,Agree,On-Site,Tech
1330,Asia,Female,55,0,14.47913894,25.15026981,6.558316658,"61,371",4,Purple,Neutral,Neutral,Disagree,Strongly Disagree,Strongly Agree,Hybrid,Higher Education
1331,North America,Male,36,0,26.55389035,28.85625457,8.93407279,"29,595",3,Purple,Agree,Strongly Agree,Agree,Strongly Disagree,Agree,Hybrid,Higher Education
1332,Africa,Female,46,,15.75087617,31.06893001,5.446372353,"58,024",2,Blue,Strongly Disagree,Disagree,Strongly Agree,Strongly Agree,Strongly Agree,Remote,Higher Education
1333,Europe,Male,42,,11.45387963,23.30371142,6.316387402,"69,332",,Blue,Neutral,Disagree,Disagree,Neutral,Strongly Agree,Hybrid,Renewable Energy
1334,Asia,Female,44,0,11.12993141,14.72951563,7.048260254,"70,184",,Purple,Agree,Strongly Agree,Disagree,Disagree,Strongly Agree,On-Site,Higher Education
1335,North America,Male,68,,17.72376793,9.927479226,10.00096715,"52,832",6,Blue,Strongly Agree,Strongly Agree,,Strongly Agree,Strongly Agree,On-Site,Higher Education
1336,North America,Female,41,0,10.26415578,27.73091091,8.972312066,"72,463",,Purple,Neutral,Neutral,Strongly Agree,Strongly Agree,Strongly Agree,On-Site,Tech
1337,Oceania,Male,53,0,10.46161561,24.89645164,9.636454319,"71,943",3,Blue,Neutral,Strongly Agree,Agree,Neutral,Strongly Agree,Hybrid,Tech
1338,Asia,Female,41,0,12.50126089,26.50374624,5.341779355,"66,576",4,Blue,Neutral,Neutral,Strongly Agree,Strongly Agree,Strongly Agree,,Higher Education
1339,Asia,Male,45,0,9.195458422,28.62040477,,"75,275",3,Blue,Strongly Disagree,Disagree,Agree,Disagree,Strongly Agree,Hybrid,Higher Education
1340,,Male,68,0,11.0304195,24.68671422,8.235180073,"70,446",5,Blue,Neutral,Neutral,Strongly Disagree,Neutral,Strongly Agree,Hybrid,Tech
1341,North America,Male,50,1,10.89450973,,7.548768856,"70,804",,Purple,Agree,Neutral,Agree,Neutral,Disagree,Hybrid,Higher Education
1342,North America,Male,60,0,18.84373315,28.87445628,8.096545521,"49,885",,Purple,,,Agree,Neutral,Agree,On-Site,Higher Education
1343,Asia,Female,36,1,17.1164917,21.80445291,6.785999855,"54,430",5,Purple,Agree,Disagree,Agree,Neutral,Strongly Agree,Remote,Higher Education
1344,Asia,Male,48,1,13.37672884,28.8692718,5.709320172,"64,272",,Purple,Strongly Agree,Disagree,Agree,Neutral,Strongly Agree,Hybrid,Tech
1345,North America,Male,31,0,15.83020537,25.91345033,9.150880736,"57,815",4,Blue,Strongly Agree,Disagree,Agree,Strongly Agree,Strongly Agree,On-Site,Finance
1346,South America,Male,32,,22.62417734,30.20720963,8.690284422,"39,936",3,Purple,Agree,Agree,Agree,Strongly Disagree,Agree,Remote,Tech
1347,Africa,Female,42,0,15.35694181,24.2580647,6.566226059,"59,061",4,Purple,Strongly Disagree,Strongly Agree,Disagree,Strongly Disagree,Strongly Agree,Hybrid,Finance
1348,Africa,Female,51,0,13.6243241,26.47292475,6.62614265,"63,620",3,Purple,Strongly Agree,Disagree,Agree,Neutral,Strongly Agree,Hybrid,Tech
1349,North America,Female,55,1,19.01862693,25.32737268,9.446408476,"49,425",,Purple,Agree,Strongly Agree,Neutral,Strongly Disagree,Strongly Agree,,Finance
1350,North America,Male,46,0,13.897826,26.0087145,9.118822907,"62,900",4,Purple,Strongly Disagree,Strongly Agree,Agree,Disagree,Strongly Agree,Hybrid,Finance
1351,North America,Female,29,0,21.86687088,28.46741398,8.918746785,"41,929",3,Blue,Strongly Disagree,Strongly Agree,Agree,Disagree,Strongly Agree,On-Site,Finance
1352,North America,Male,48,0,19.62697246,32.15164021,7.719800629,"47,824",,Purple,Agree,Strongly Agree,,Strongly Disagree,Strongly Agree,Hybrid,Tech
1353,Asia,Male,48,0,16.87961444,29.73978742,5.772480619,"55,054",,Blue,Disagree,Strongly Disagree,Strongly Disagree,Disagree,Strongly Agree,,Finance
1354,Asia,Female,59,0,18.51522545,27.53062011,5.518062576,"50,749",,Purple,Strongly Disagree,Neutral,Agree,Disagree,Agree,Remote,Finance
1355,North America,Female,48,0,12.61772022,,,"66,269",,Blue,Agree,Strongly Agree,Disagree,Neutral,Strongly Agree,Hybrid,Renewable Energy
1356,Asia,Female,35,0,15.73975541,26.33416938,,"58,053",3,Purple,Agree,Strongly Disagree,Disagree,Strongly Agree,Strongly Agree,,Tech
1357,,Male,42,0,20.21135544,26.11901872,9.059788061,"46,286",4,Purple,Strongly Agree,Disagree,Agree,Disagree,Strongly Agree,Hybrid,Higher Education
1358,North America,Female,54,1,17.83338737,24.99442938,,"52,544",4,Purple,Agree,Strongly Agree,Agree,Strongly Disagree,Strongly Agree,Remote,Tech
1359,North America,Female,58,0,11.94521111,27.03600942,9.556443772,"68,039",2,Blue,Strongly Agree,Disagree,Disagree,Neutral,Strongly Agree,On-Site,Tech
1360,,Female,45,0,12.36877637,27.38268897,8.682401281,"66,924",4,Purple,Agree,Neutral,Disagree,Disagree,Agree,Hybrid,Finance
1361,North America,Male,32,0,19.15692503,24.16943597,9.212236387,"49,061",,Blue,Neutral,Neutral,Disagree,Strongly Disagree,Strongly Agree,Hybrid,Higher Education
1362,,Male,30,0,13.51108796,23.14644061,9.564485783,"63,918",,Purple,Neutral,Neutral,Agree,Agree,Strongly Agree,Hybrid,Higher Education
1363,North America,Female,56,,9.939544068,19.01243277,9.76601109,"73,317",,Purple,Strongly Disagree,Strongly Agree,Agree,Neutral,Strongly Agree,Hybrid,Tech
1364,Asia,Female,41,0,20.99393323,31.48504533,5.979255457,"44,226",,Purple,Neutral,Disagree,Strongly Disagree,Strongly Agree,Strongly Agree,,Higher Education
1365,Asia,Female,35,0,15.38297362,28.05444639,5.864310157,"58,992",3,Blue,Strongly Disagree,Strongly Agree,Disagree,Disagree,Neutral,Hybrid,Finance
1366,South America,Male,37,0,15.42105184,13.23562649,9.886762565,"58,892",,Blue,Strongly Disagree,Strongly Agree,Disagree,Neutral,Strongly Agree,On-Site,Finance
1367,North America,Male,41,0,9.090550593,25.32552983,9.009701618,"75,551",4,Blue,Agree,Strongly Disagree,Disagree,Strongly Agree,Agree,Hybrid,Renewable Energy
1368,North America,Female,58,0,19.24147418,27.45603816,,"48,838",,Blue,Strongly Agree,Strongly Agree,Agree,Agree,Agree,On-Site,Tech
1369,Asia,Female,39,0,11.65889274,24.00981302,6.492263211,"68,792",4,Blue,Strongly Agree,Strongly Agree,Strongly Agree,Neutral,Agree,Hybrid,Finance
1370,North America,Female,50,0,19.32710342,30.80850925,,"48,613",3,Blue,Strongly Disagree,Strongly Agree,,Strongly Agree,Strongly Agree,On-Site,Finance
1371,Asia,Male,43,0,11.91685756,20.1160973,,"68,114",,Blue,Neutral,Strongly Agree,Disagree,Neutral,Disagree,Hybrid,Higher Education
1372,North America,Male,46,0,10.33195061,25.93879949,8.527960259,"72,284",4,Purple,,Disagree,Agree,Neutral,Strongly Agree,Hybrid,
1373,Asia,Female,38,1,18.55327374,8.013635903,7.244819335,"50,649",,Purple,,Disagree,Strongly Disagree,Strongly Disagree,Disagree,On-Site,Renewable Energy
1374,North America,Female,30,0,16.90384225,17.32416459,9.662600886,"54,990",6,Blue,Neutral,Disagree,Disagree,Neutral,Strongly Agree,Hybrid,Finance
1375,North America,Male,45,0,8.871628996,21.78894779,9.455504829,,5,Purple,,Strongly Agree,Disagree,Strongly Disagree,Strongly Agree,On-Site,Finance
1376,Asia,Male,50,0,15.60990399,31.25149755,5.130808498,"58,395",2,Purple,Strongly Disagree,Disagree,Disagree,Neutral,Strongly Agree,On-Site,Tech
1377,Asia,Male,38,0,16.11790337,25.88153418,5.939079466,"57,058",,Purple,Agree,Strongly Disagree,Agree,Strongly Agree,Agree,,Finance
1378,North America,Male,35,1,17.04043062,13.49812931,9.776559212,"54,630",7,Blue,,Strongly Agree,Agree,Neutral,Agree,Hybrid,Tech
1379,Asia,Female,48,0,16.52133182,31.27454124,5.051800161,"55,996",2,Purple,Neutral,Neutral,Agree,Strongly Agree,Disagree,Hybrid,Tech
1380,Oceania,Female,48,0,11.09876431,22.1583343,9.416136419,"70,266",5,Blue,Strongly Agree,Neutral,Agree,Strongly Disagree,Strongly Agree,Hybrid,Tech
1381,Asia,Female,43,0,19.80127126,25.37611749,6.296096017,"47,365",4,Blue,Strongly Disagree,Strongly Agree,Strongly Agree,Strongly Disagree,Strongly Agree,Hybrid,Higher Education
1382,Africa,Male,57,0,11.60879311,30.13023844,,"68,924",3,Purple,Strongly Disagree,Strongly Agree,Disagree,Disagree,Agree,Hybrid,Higher Education
1383,North America,Male,37,1,20.2914772,28.01503153,8.362522849,"46,075",4,Blue,Agree,Disagree,,Neutral,Strongly Agree,On-Site,Renewable Energy
1384,North America,Male,28,0,14.25967225,23.36473328,9.460039468,"61,948",4,Blue,Disagree,Strongly Agree,Disagree,Neutral,Strongly Agree,,Higher Education
1385,North America,Female,35,,18.53235818,23.49875808,,"50,704",,Purple,Strongly Disagree,Neutral,Disagree,Strongly Agree,Strongly Agree,On-Site,Finance
1386,Asia,Female,40,0,12.17940392,27.79181382,5.974371822,"67,423",3,Purple,,Disagree,Disagree,,Strongly Agree,Hybrid,Finance
1387,Asia,Female,48,1,12.32486549,29.81358624,,"67,040",,Purple,Strongly Disagree,Strongly Agree,Agree,Neutral,Neutral,Hybrid,Finance
1388,North America,Male,37,0,9.349557861,27.49540627,8.503484574,"74,870",4,Blue,Disagree,Strongly Agree,Agree,Strongly Agree,Strongly Agree,Hybrid,Higher Education
1389,North America,Male,24,,14.15719569,15.64152012,,"62,218",,Purple,Agree,Disagree,Agree,Neutral,Agree,Hybrid,Tech
1390,Africa,Female,50,,17.5240692,29.16617559,5.544681309,"53,358",3,Purple,Agree,Disagree,Agree,Neutral,Agree,Hybrid,Renewable Energy
1391,Asia,Female,44,,11.72726569,25.51993984,6.641134476,"68,612",3,Blue,Disagree,Disagree,Neutral,Strongly Agree,Disagree,On-Site,Finance
1392,Asia,Female,51,0,5.510994022,19.16576324,6.944867225,"84,971",,Purple,Disagree,,Agree,Neutral,Strongly Agree,Remote,Tech
1393,Europe,Female,28,0,17.91968328,29.19789964,6.231971872,"52,317",3,Purple,Agree,Strongly Disagree,Agree,Neutral,Strongly Agree,Hybrid,Tech
1394,North America,Male,59,0,20.11421671,27.5265713,8.89971874,"46,542",,Purple,Strongly Disagree,Disagree,Agree,Strongly Agree,Agree,Hybrid,Renewable Energy
1395,Asia,Male,56,0,13.2648049,27.200898,6.602592052,"64,566",3,Blue,Agree,Strongly Agree,Strongly Disagree,Neutral,Strongly Agree,Remote,Tech
1396,North America,Female,51,0,16.10588429,22.78814295,9.32294891,"57,090",5,Purple,Disagree,Strongly Agree,Agree,Strongly Agree,Strongly Agree,On-Site,Finance
1397,,Male,39,1,13.32664753,23.9071076,6.64906082,"64,404",4,Purple,Neutral,Strongly Agree,Disagree,,Strongly Agree,Remote,Finance
1398,North America,Female,67,0,14.21394704,,8.698008638,"62,069",4,Blue,Strongly Disagree,Neutral,Agree,Strongly Agree,Strongly Agree,Hybrid,Tech
1399,South America,Female,34,,9.157349437,,9.233253704,"75,375",,Purple,Agree,Strongly Disagree,Agree,Neutral,Agree,Hybrid,Tech
1400,Asia,Female,38,0,21.39154896,27.20895437,6.675535153,"43,180",3,Purple,Strongly Disagree,Neutral,Strongly Agree,Strongly Agree,Strongly Agree,Hybrid,Tech
1401,North America,Female,54,1,8.775953872,23.80824116,9.183991698,"76,379",5,Blue,Strongly Disagree,Strongly Agree,Agree,Neutral,Strongly Agree,Remote,Tech
1402,North America,Male,66,0,24.44152701,26.60059081,9.270028463,"35,154",,Blue,Neutral,Strongly Agree,Disagree,Strongly Disagree,Agree,On-Site,Finance
1403,Asia,Female,46,0,13.46563222,28.73892062,5.832343289,"64,038",3,Purple,,Strongly Agree,Agree,Neutral,Strongly Agree,Hybrid,Tech
1404,North America,Male,55,0,17.48357311,22.31421056,9.325187266,"53,464",5,Blue,Agree,Strongly Agree,Disagree,Strongly Agree,Strongly Agree,Hybrid,Finance
1405,Africa,Male,38,1,13.20134626,12.80370566,7.161768033,"64,733",6,Blue,Disagree,Strongly Agree,Agree,Neutral,Strongly Agree,Hybrid,Tech
1406,North America,Male,60,1,14.02303014,29.18409526,8.291284599,"62,571",3,Purple,Strongly Disagree,Neutral,Disagree,Strongly Disagree,Strongly Agree,On-Site,Tech
1407,Asia,Female,47,0,17.81119974,24.05546463,,"52,602",4,Blue,Agree,Disagree,Agree,Neutral,Strongly Agree,Hybrid,Tech
1408,Africa,Female,40,0,17.45629054,26.83184393,5.323525467,"53,536",4,Purple,Neutral,Disagree,Disagree,,Agree,Hybrid,Renewable Energy
1409,Asia,Male,44,,19.75289902,26.29746642,,"47,492",4,Blue,Neutral,,Neutral,Strongly Disagree,Agree,Hybrid,Finance
1410,Asia,Female,64,0,11.78577396,27.75051691,6.203160994,"68,458",3,Blue,Strongly Disagree,Disagree,Disagree,Neutral,Agree,On-Site,Tech
1411,,Female,51,0,13.58097373,11.87916844,,"63,734",7,Purple,Agree,Strongly Disagree,Agree,Agree,Strongly Agree,Hybrid,Tech
1412,Asia,Male,33,0,13.48676099,25.45753003,6.00735328,"63,982",,Blue,Strongly Disagree,Disagree,Agree,Neutral,Agree,Hybrid,Finance
1413,Asia,Female,58,0,17.94527403,23.60337615,6.399313073,"52,249",5,Purple,Strongly Disagree,Disagree,Agree,Disagree,Strongly Agree,On-Site,Tech
1414,,Male,41,1,17.4033342,30.30123662,8.044285233,"53,675",,Purple,Disagree,Strongly Agree,Strongly Disagree,Neutral,Strongly Agree,Hybrid,Higher Education
1415,North America,Female,36,,4.112905346,27.11880202,8.830523114,"88,650",,Purple,Neutral,Strongly Agree,Disagree,Strongly Agree,Strongly Agree,Hybrid,Renewable Energy
1416,,Male,49,0,21.11965581,28.21706148,5.996229466,"43,896",3,Blue,Strongly Disagree,Agree,Neutral,Neutral,Strongly Agree,Remote,Renewable Energy
1417,Asia,Female,58,1,11.69348341,,5.393520826,"68,701",2,Purple,Disagree,Disagree,Agree,Neutral,Strongly Agree,Remote,Tech
1418,Asia,Female,57,0,8.93572154,29.33865175,5.877881796,"75,959",3,Purple,,Strongly Agree,Agree,Strongly Agree,Strongly Agree,On-Site,Finance
1419,North America,Female,30,0,9.059582802,28.52108567,8.534100821,"75,633",3,Purple,Strongly Disagree,Agree,Agree,Neutral,Strongly Agree,Remote,Higher Education
1420,North America,Male,44,1,15.96389709,26.79589795,7.128674359,"57,463",4,Purple,Neutral,Disagree,Neutral,Neutral,Strongly Agree,Remote,Tech
1421,Asia,Female,39,1,22.07393402,26.86985071,5.982079751,"41,384",,Blue,Strongly Disagree,Disagree,Disagree,Neutral,Strongly Agree,Hybrid,Tech
1422,Africa,Male,40,0,19.73070607,18.69708148,,"47,551",5,Blue,Neutral,Strongly Disagree,Strongly Agree,Neutral,Strongly Agree,Hybrid,Finance
1423,Europe,Female,38,0,15.1534393,29.98512203,5.989078191,"59,596",3,Purple,Agree,Disagree,Agree,Neutral,Strongly Agree,Hybrid,Tech
1424,North America,Male,44,0,17.60792287,29.08873627,8.472329965,"53,137",3,Purple,Disagree,Strongly Agree,,Neutral,Agree,Hybrid,Higher Education
1425,Europe,Male,33,1,8.570603076,17.07630046,6.982459783,"76,919",6,Purple,Agree,Disagree,Strongly Disagree,Neutral,Strongly Agree,On-Site,Higher Education
1426,North America,Male,54,0,14.17860968,19.38788366,,"62,162",5,Purple,Agree,Strongly Disagree,Strongly Disagree,Neutral,Disagree,Hybrid,Tech
1427,Asia,Female,40,0,14.72432516,24.28558307,6.629821873,"60,725",4,Purple,Neutral,Disagree,Agree,Strongly Agree,Strongly Agree,Hybrid,Renewable Energy
1428,North America,Male,45,0,6.580307224,24.87725816,9.442726405,"82,157",,Purple,Agree,Strongly Agree,Disagree,Neutral,Strongly Agree,Hybrid,Higher Education
1429,North America,Female,37,0,19.19975551,27.89412692,8.577679742,"48,948",4,Purple,Strongly Agree,Strongly Agree,Disagree,Strongly Agree,Agree,On-Site,Tech
1430,North America,Male,57,,13.30337732,7.707438575,9.92545759,"64,465",8,Purple,Strongly Disagree,Disagree,Strongly Agree,Neutral,Strongly Agree,Remote,Finance
1431,Asia,Female,61,0,14.72752792,27.84656052,6.434617826,"60,717",,Purple,Neutral,Neutral,Agree,Neutral,Strongly Agree,Hybrid,Higher Education
1432,North America,Male,36,0,10.01626962,27.01997971,8.139364597,"73,115",4,Blue,,Strongly Agree,,Strongly Agree,Strongly Agree,Hybrid,Finance
1433,North America,Female,38,1,15.57223128,27.2093043,8.735261645,"58,494",,Blue,Neutral,Neutral,Agree,Neutral,Strongly Agree,Remote,Higher Education
1434,Africa,Male,33,0,19.1986995,29.61469221,6.420245154,"48,951",,Purple,,Strongly Agree,Agree,Neutral,Disagree,Hybrid,Higher Education
1435,North America,Female,50,0,18.65988695,26.63841346,7.990682071,"50,369",,Blue,,Strongly Agree,Agree,Neutral,Strongly Agree,Hybrid,Higher Education
1436,North America,Female,55,1,13.19132367,30.56867418,8.144911729,"64,760",3,Purple,Strongly Disagree,Strongly Disagree,Agree,Neutral,Strongly Agree,On-Site,Tech
1437,Africa,Female,46,0,14.25213528,30.71122619,6.017009758,"61,968",2,Purple,Disagree,Neutral,Disagree,Agree,Disagree,On-Site,Tech
1438,South America,Female,55,0,9.580588841,22.73734978,9.250262156,"74,262",5,Purple,,Disagree,Disagree,Neutral,Strongly Agree,Hybrid,Finance
1439,Asia,Male,67,0,,21.84011946,6.904864859,"54,289",4,Blue,Strongly Agree,Neutral,Agree,Strongly Disagree,Strongly Agree,Hybrid,Renewable Energy
1440,North America,Female,49,1,9.672786751,20.60002365,9.602775711,"74,019",5,Purple,Neutral,Strongly Agree,Agree,Strongly Disagree,Strongly Agree,Hybrid,
1441,North America,Male,32,,16.45896611,31.98922365,8.042132139,"56,161",,Blue,Disagree,Disagree,Agree,Disagree,Strongly Agree,,Tech
1442,North America,Male,28,0,16.17444633,16.66135214,9.797742734,"56,909",5,Purple,Strongly Disagree,Neutral,Agree,Neutral,Strongly Agree,Remote,Tech
1443,Asia,Female,49,0,14.19410989,29.75574729,,"62,121",3,Blue,Strongly Disagree,Strongly Agree,Neutral,Neutral,Agree,Remote,Higher Education
1444,Asia,Male,69,1,12.85868367,24.17327015,6.530537328,"65,635",4,Purple,,Neutral,Disagree,Disagree,Strongly Agree,Hybrid,Higher Education
1445,North America,Female,34,0,16.99047623,,9.374216024,"54,762",,Blue,,Disagree,Neutral,Neutral,Strongly Agree,Hybrid,Tech
1446,Europe,Female,36,0,12.72963778,23.38733131,6.496815138,"65,975",,Purple,Agree,Strongly Agree,Agree,Neutral,Strongly Agree,Hybrid,Finance
1447,Africa,Male,44,,23.80392737,28.75581974,5.879871226,"36,832",3,Purple,Agree,Neutral,Agree,Disagree,Disagree,Hybrid,Tech
1448,Asia,Female,38,1,15.15856273,28.43470872,5.402889957,"59,583",3,Purple,Neutral,Disagree,Agree,Neutral,Agree,Hybrid,Finance
1449,Europe,Female,18,0,16.33939304,25.98658801,6.192216475,"56,475",4,Blue,Strongly Disagree,Agree,Disagree,Neutral,Disagree,On-Site,Higher Education
1450,North America,Male,50,0,23.87976389,21.08490164,9.398261461,"36,632",,Blue,Strongly Disagree,Strongly Agree,,Neutral,Agree,Remote,Tech
1451,Africa,Female,47,0,11.70336211,28.09940717,4.765931146,"68,675",4,Blue,Strongly Disagree,Strongly Agree,Strongly Disagree,Disagree,Agree,Remote,Finance
1452,North America,Male,36,1,11.47823988,22.5847776,9.466222043,"69,268",4,Blue,Strongly Disagree,Strongly Disagree,Strongly Disagree,Neutral,Agree,Remote,Finance
1453,Asia,Male,46,1,21.48250228,32.78469151,5.05909909,"42,941",2,Blue,Strongly Disagree,Disagree,Agree,Neutral,Strongly Agree,Hybrid,Finance
1454,Africa,Male,66,0,9.264050024,27.67433192,5.777681305,"75,095",,Purple,Strongly Agree,Strongly Agree,Agree,Neutral,Strongly Agree,Hybrid,Finance
1455,North America,Female,51,1,17.04304976,26.46575046,,"54,624",3,Purple,Agree,Neutral,Agree,Strongly Agree,Strongly Agree,On-Site,Higher Education
1456,North America,Male,68,0,17.09293772,31.4751213,8.730006083,"54,492",2,Purple,,Disagree,Disagree,Strongly Agree,Strongly Agree,Remote,Higher Education
1457,North America,Male,35,,17.79549925,23.22994847,9.244196387,"52,643",5,,Strongly Disagree,Neutral,Agree,Neutral,Strongly Agree,Hybrid,Finance
1458,Asia,Female,29,0,11.50445432,32.24609145,5.762116249,"69,199",2,Blue,Strongly Disagree,Strongly Agree,Agree,Neutral,Strongly Agree,Hybrid,Tech
1459,Asia,Male,50,,16.27573095,33.487722,5.648816321,"56,643",1,Blue,Disagree,Disagree,Strongly Disagree,Neutral,Strongly Agree,On-Site,Higher Education
1460,Asia,Male,,,15.23406709,16.93468398,6.97847604,"59,384",,Purple,Neutral,Strongly Agree,Agree,Strongly Agree,Strongly Agree,Hybrid,Renewable Energy
1461,North America,Male,60,1,12.84750993,23.35518116,9.661438638,"65,664",3,Purple,Strongly Disagree,Strongly Agree,Disagree,,Strongly Agree,Hybrid,Finance
1462,Asia,Female,65,0,12.26550908,20.72678061,6.749562362,"67,196",5,Purple,Neutral,Strongly Agree,Strongly Disagree,Disagree,Strongly Agree,Hybrid,Finance
1463,Europe,Male,42,0,,28.878948,6.309156525,"72,305",,Purple,Disagree,Strongly Agree,Agree,Neutral,Strongly Agree,Hybrid,Higher Education
1464,Asia,Female,47,0,8.426324706,27.07103907,5.52111658,"77,299",,Blue,Strongly Agree,Strongly Agree,Strongly Disagree,Neutral,Strongly Agree,Hybrid,Finance
1465,North America,Male,42,0,17.72719501,22.36742186,9.337461119,"52,823",5,Purple,Strongly Disagree,Strongly Agree,Disagree,Neutral,Strongly Agree,Remote,Finance
1466,North America,Female,50,0,19.63539313,30.95686341,8.365463764,"47,802",,Purple,Disagree,Disagree,Strongly Disagree,,Strongly Agree,Hybrid,Higher Education
1467,Asia,Female,53,0,16.39932374,26.98152892,6.604018543,"56,318",3,Purple,Disagree,Disagree,Agree,Neutral,Agree,Remote,Renewable Energy
1468,Asia,Female,22,,18.3304235,22.01187786,6.416467591,"51,236",5,Purple,Agree,,Strongly Agree,Neutral,Strongly Agree,Hybrid,Finance
1469,Asia,Female,24,1,15.53314763,29.17479308,4.912982762,"58,597",3,Blue,Disagree,Strongly Agree,Agree,Neutral,Agree,Hybrid,Tech
1470,North America,Female,52,0,16.54816064,23.90367842,9.215505451,"55,926",,Blue,Disagree,Strongly Agree,Agree,Neutral,Strongly Agree,Remote,Higher Education
1471,,Male,33,1,11.12210458,25.7108091,6.374899133,"70,205",4,Blue,Strongly Agree,Strongly Disagree,Agree,Neutral,Disagree,Hybrid,Higher Education
1472,Africa,Female,60,1,13.23410155,,6.286161178,"64,647",4,Purple,Strongly Disagree,Disagree,Agree,Strongly Disagree,Strongly Disagree,Hybrid,Higher Education
1473,Asia,Male,34,0,7.766391669,30.0975149,5.724220608,"79,036",,Purple,Agree,Strongly Agree,Agree,Strongly Agree,Agree,On-Site,Finance
1474,Europe,Male,47,1,7.472423088,27.72983841,5.975904312,"79,809",3,Purple,Agree,Strongly Agree,Agree,Neutral,Strongly Agree,Hybrid,Tech
1475,Asia,Female,52,0,12.97689027,26.25767631,5.690956001,"65,324",4,Purple,Strongly Disagree,Strongly Agree,Disagree,Neutral,Strongly Agree,On-Site,Tech
1476,North America,Female,42,,22.52817833,20.34527636,9.631038963,"40,189",5,Purple,Strongly Disagree,Strongly Agree,Neutral,Strongly Disagree,Agree,Remote,Tech
1477,North America,Male,38,0,19.80926506,25.66458665,9.308643557,"47,344",4,Purple,,Strongly Agree,Agree,Neutral,Strongly Agree,Remote,Finance
1478,Africa,Male,54,0,11.50781909,18.96060794,6.958856633,"69,190",,Purple,Disagree,Disagree,Disagree,Neutral,Strongly Agree,On-Site,Higher Education
1479,Africa,Male,42,,13.99773543,31.85280843,5.188252687,"62,638",,Blue,Agree,Neutral,Strongly Agree,Neutral,Disagree,Remote,Finance
1480,Africa,Female,58,,13.74398965,33.41356704,4.687448309,"63,305",2,Blue,Neutral,Strongly Agree,Disagree,Strongly Agree,Strongly Agree,On-Site,Tech
1481,Africa,Male,44,,11.15902625,17.97136075,6.930243601,"70,108",,Blue,,Disagree,Agree,Strongly Agree,Agree,Remote,Finance
1482,Asia,Male,45,0,11.84977413,28.37883363,4.094492489,"68,290",4,Blue,Strongly Agree,Strongly Agree,,Strongly Agree,Strongly Agree,Remote,Higher Education
1483,,Female,40,0,10.28875647,20.02619369,,"72,398",,Purple,Strongly Agree,Strongly Disagree,Agree,Strongly Agree,Agree,Hybrid,Tech
1484,Europe,Male,53,,15.78100905,19.30995195,6.73457397,"57,945",6,Purple,Disagree,Strongly Agree,Strongly Agree,Strongly Agree,Disagree,Hybrid,Finance
1485,Asia,Female,56,1,24.13079634,,6.049629961,"35,972",4,Purple,Strongly Agree,Strongly Agree,Agree,Strongly Disagree,Strongly Agree,On-Site,Tech
1486,North America,Male,51,1,18.62051738,29.54296865,9.1400683,"50,472",,Purple,Strongly Disagree,Strongly Agree,Disagree,,Strongly Agree,On-Site,Tech
1487,North America,Female,34,0,12.81790738,29.57371401,8.905963616,"65,742",3,Blue,Agree,Neutral,Agree,Strongly Disagree,Strongly Agree,Hybrid,Higher Education
1488,Europe,Male,47,0,17.40451466,29.97361381,,"53,672",2,Blue,Strongly Disagree,Disagree,Agree,Strongly Agree,Strongly Agree,,Tech
1489,North America,Female,48,0,,25.59556282,,"46,890",5,Purple,Strongly Disagree,Agree,Agree,Neutral,Agree,Remote,Tech
1490,North America,Female,38,0,15.89612165,23.85771156,,"57,642",,Purple,Agree,Strongly Agree,Disagree,Neutral,Strongly Agree,Hybrid,Renewable Energy
1491,,Male,48,0,14.92483729,22.84851736,6.591986521,"60,198",5,Purple,,Strongly Agree,Agree,Strongly Agree,Strongly Agree,Hybrid,Renewable Energy
1492,North America,Female,46,0,13.1097714,19.36348977,,"64,974",5,Purple,Agree,Disagree,Agree,Neutral,Strongly Agree,Hybrid,Tech
1493,North America,Female,56,,,29.39877826,8.414897007,"57,444",,Purple,Strongly Disagree,Disagree,Agree,Disagree,Strongly Agree,On-Site,Higher Education
1494,South America,Male,45,0,19.79464423,30.84948807,8.293369325,"47,383",2,Purple,,Neutral,Agree,Neutral,Strongly Agree,Remote,Finance
1495,Asia,Female,30,0,16.06635611,23.90142228,,"57,194",,Purple,Disagree,Disagree,Agree,Neutral,Strongly Agree,Hybrid,Finance
1496,North America,Female,52,0,15.14426131,29.19744651,,"59,620",3,Blue,Strongly Disagree,Neutral,Disagree,Neutral,Strongly Agree,Remote,Renewable Energy
1497,Asia,Female,40,1,22.46689942,21.88594375,6.780803932,"40,350",5,Purple,,Strongly Agree,Strongly Disagree,Neutral,Strongly Disagree,On-Site,Higher Education
1498,North America,Female,41,0,7.811396139,25.54754745,,"78,917",3,Blue,Strongly Disagree,Strongly Agree,Agree,,Strongly Agree,Hybrid,Higher Education
1499,North America,Female,29,0,15.54340959,31.90688272,6.505218712,"58,570",2,Purple,Strongly Disagree,Strongly Agree,Agree,Neutral,Disagree,Remote,Tech
1500,,Male,35,0,,29.67966116,8.346255479,"64,819",3,Blue,Strongly Disagree,Strongly Disagree,Agree,Neutral,Agree,Remote,Higher Education
1501,North America,Female,39,0,16.32723676,28.8870618,8.451455185,"56,507",3,Purple,Strongly Agree,Disagree,Agree,Agree,Strongly Agree,Remote,Renewable Energy
1502,North America,Female,23,1,16.44917188,24.33621818,8.272647568,"56,186",5,Purple,,Neutral,Disagree,Neutral,Strongly Agree,,Higher Education
1503,North America,Male,53,0,13.18326898,15.8588771,9.758771258,"64,781",6,Purple,Strongly Disagree,Strongly Agree,Agree,Neutral,Strongly Disagree,Hybrid,Finance
1504,Asia,Male,36,1,10.30846885,24.76906585,6.718676565,"72,346",,Purple,Strongly Disagree,Strongly Agree,Agree,Neutral,Strongly Agree,Remote,Higher Education
1505,North America,Female,39,0,16.77488036,21.12637444,8.958651876,"55,329",6,Blue,Neutral,Disagree,Agree,Neutral,Neutral,On-Site,Finance
1506,North America,Female,54,0,18.22138575,28.45083491,9.037485235,"51,523",3,Purple,Disagree,Strongly Disagree,Disagree,Strongly Agree,Agree,,Tech
1507,North America,Female,31,0,6.234140093,26.58549698,9.296030839,"83,068",3,Purple,Strongly Disagree,Strongly Disagree,Agree,Neutral,Strongly Agree,Hybrid,Tech
1508,Asia,Male,40,0,14.95283971,20.92067706,6.41020991,"60,124",6,Blue,Agree,Neutral,Agree,Neutral,Strongly Agree,Hybrid,Finance
1509,North America,Male,68,0,17.63724568,28.99535379,8.911180256,"53,060",3,Blue,Disagree,Strongly Agree,Strongly Disagree,Disagree,Strongly Agree,Hybrid,Higher Education
1510,North America,Female,38,0,19.42493457,20.37324982,9.40714156,"48,355",,Purple,Strongly Agree,Strongly Disagree,Agree,Strongly Agree,Strongly Agree,On-Site,Higher Education
1511,North America,Female,55,,11.1206502,30.15986638,8.842104008,"70,209",2,Purple,,Disagree,Agree,Neutral,Strongly Agree,Hybrid,Renewable Energy
1512,Europe,Male,40,0,11.05941381,26.19662159,6.012877526,"70,370",4,Purple,,Strongly Agree,Disagree,Strongly Disagree,Strongly Agree,Remote,Higher Education
1513,North America,Female,23,1,21.28328859,26.02561879,7.914534064,"43,465",4,Purple,Neutral,Neutral,Disagree,,Strongly Agree,Remote,Renewable Energy
1514,North America,Female,39,0,12.08994272,,7.305730374,"67,658",2,Blue,,Neutral,Agree,Strongly Agree,Strongly Agree,On-Site,Tech
1515,North America,Male,36,1,14.27541765,18.98396,9.493207802,"61,907",6,Purple,Strongly Disagree,Neutral,Agree,Strongly Agree,Strongly Agree,Hybrid,Finance
1516,Asia,Female,34,0,17.07176808,32.59050009,,"54,548",,Purple,Disagree,Strongly Disagree,Agree,Strongly Disagree,Agree,On-Site,Finance
1517,North America,Male,49,0,11.58480289,32.65441198,7.439761248,"68,987",,Blue,Strongly Agree,Strongly Agree,Agree,Neutral,Strongly Agree,Hybrid,
1518,North America,Male,48,0,15.86270279,22.15992335,8.941469531,"57,730",5,Blue,Disagree,Strongly Agree,,Strongly Agree,Agree,On-Site,Finance
1519,North America,Male,47,1,17.91879868,26.23640441,,"52,319",,Blue,Strongly Disagree,Agree,Strongly Disagree,Disagree,Strongly Agree,On-Site,Tech
1520,Asia,Female,55,0,14.11082025,24.83969604,6.61947445,"62,340",4,Purple,Strongly Disagree,Neutral,Strongly Agree,Neutral,Strongly Agree,Hybrid,Renewable Energy
1521,North America,Female,46,0,14.58407735,25.5436663,9.225099392,"61,095",4,Purple,Neutral,Strongly Agree,Strongly Agree,Agree,Strongly Agree,On-Site,Higher Education
1522,,Male,61,0,11.62298744,25.99058932,6.245796648,"68,887",,Blue,Agree,Disagree,Disagree,Agree,Strongly Agree,On-Site,Tech
1523,Asia,Female,39,0,13.8803328,29.60501811,5.212805408,"62,946",3,Blue,Neutral,Strongly Agree,Strongly Agree,Neutral,Strongly Agree,On-Site,Finance
1524,North America,Female,39,0,12.32331081,12.36867423,9.857137611,"67,044",7,Purple,Neutral,Disagree,Agree,Neutral,Neutral,On-Site,Tech
1525,North America,Female,43,1,16.4075267,25.40807295,9.201810179,"56,296",4,Purple,Agree,Strongly Agree,Disagree,Strongly Agree,Strongly Agree,On-Site,Higher Education
1526,North America,Male,41,0,17.08132623,26.29113265,8.184131797,"54,523",,Purple,Strongly Agree,Strongly Agree,Agree,Neutral,Strongly Agree,On-Site,Higher Education
1527,North America,Female,29,0,14.31808377,18.49604383,9.50631785,"61,795",6,Blue,Disagree,Neutral,Agree,Neutral,Strongly Disagree,Hybrid,Finance
1528,North America,Female,38,0,13.72267255,28.71167259,9.017970707,"63,361",3,Purple,Disagree,Strongly Agree,Strongly Agree,Neutral,Disagree,Hybrid,Renewable Energy
1529,Asia,Female,54,0,8.176846614,30.84218053,,"77,956",3,Purple,Agree,Agree,Agree,Neutral,Strongly Agree,On-Site,Tech
1530,Asia,Male,51,0,19.21250397,25.5090222,6.14880974,"48,914",4,Purple,Disagree,Strongly Agree,Agree,Neutral,Strongly Agree,Hybrid,Tech
1531,South America,Female,27,0,7.4528267,23.80003882,9.255637963,"79,861",4,Purple,Strongly Disagree,Strongly Disagree,Disagree,Disagree,Strongly Agree,On-Site,Renewable Energy
1532,North America,Male,34,0,22.29352301,31.52822241,8.139213861,,2,Purple,Strongly Agree,Disagree,Agree,Neutral,Agree,Hybrid,Tech
1533,Asia,Female,59,1,11.26115244,13.68951296,7.089636324,"69,839",6,Blue,Disagree,Strongly Agree,Agree,Neutral,Strongly Agree,Hybrid,Higher Education
1534,Asia,Female,34,0,19.09831182,29.98008463,5.459773599,"49,215",3,Purple,Agree,Disagree,Disagree,Neutral,Agree,On-Site,Higher Education
1535,North America,Female,54,0,14.15309213,23.06064937,9.45748527,"62,229",4,Purple,Agree,Disagree,Strongly Disagree,Neutral,Strongly Agree,Hybrid,Higher Education
1536,Asia,Male,56,0,15.17412413,25.08600838,6.30658038,"59,542",4,Purple,Neutral,Strongly Agree,Agree,Disagree,Strongly Agree,Hybrid,Tech
1537,North America,Male,38,,19.87421876,26.89417315,9.403158474,"47,173",3,Blue,Neutral,Neutral,Disagree,Strongly Agree,Agree,On-Site,Renewable Energy
1538,North America,Female,70,,13.01083215,28.42187725,,"65,235",,Purple,Strongly Disagree,Strongly Agree,Agree,Neutral,Strongly Agree,Remote,Tech
1539,Asia,Female,47,1,16.70987625,28.14019658,5.545986819,"55,500",4,Purple,,Strongly Disagree,Agree,Neutral,Strongly Disagree,On-Site,Higher Education
1540,,Female,42,0,10.22580559,30.75745917,7.997217547,"72,564",3,Blue,Neutral,Strongly Agree,Agree,Neutral,Strongly Agree,Hybrid,Tech
1541,North America,Male,60,1,12.65077196,15.4265066,9.710995698,"66,182",6,Blue,Strongly Agree,Disagree,Agree,Strongly Agree,Strongly Agree,Hybrid,Tech
1542,Europe,Male,45,0,11.71870972,27.75547361,,"68,635",3,Purple,,Strongly Agree,Disagree,Strongly Disagree,Strongly Agree,On-Site,Renewable Energy
1543,North America,Male,40,1,13.89596711,20.33990701,9.500756169,"62,905",5,Purple,Strongly Agree,Strongly Agree,Disagree,Neutral,Strongly Agree,Hybrid,Finance
1544,North America,Male,38,0,11.33393145,33.12846349,8.342041818,"69,648",2,Purple,Agree,Disagree,Disagree,Neutral,Disagree,Hybrid,Higher Education
1545,North America,Male,50,0,11.86668411,26.65074571,8.98342017,"68,246",4,Purple,Strongly Disagree,Strongly Agree,Agree,Agree,Strongly Agree,On-Site,Tech
1546,North America,Female,32,0,9.901844575,28.53936753,8.737538002,"73,416",3,Purple,,Strongly Agree,Agree,Strongly Agree,Strongly Agree,Hybrid,Tech
1547,North America,Female,45,1,16.76489319,30.6887019,,"55,356",,Purple,Strongly Agree,Neutral,Disagree,Strongly Agree,Strongly Agree,Hybrid,Renewable Energy
1548,North America,Male,,0,16.33319099,25.52340215,8.9550995,"56,492",,Purple,Strongly Disagree,Disagree,Strongly Disagree,Disagree,Agree,On-Site,
1549,North America,Male,37,0,14.05444716,24.15840231,9.376241291,"62,488",4,Purple,,Strongly Agree,Agree,Neutral,Disagree,Hybrid,Higher Education
1550,North America,Male,67,1,12.32315719,28.66355873,9.351957161,"67,044",,Blue,Neutral,Strongly Agree,Agree,Strongly Agree,Strongly Agree,,Higher Education
1551,North America,Male,40,0,19.6411364,,9.13761055,"47,786",3,Purple,Neutral,Strongly Agree,Agree,Agree,Agree,Hybrid,Renewable Energy
1552,Asia,Female,58,0,19.34343412,,6.046407284,"48,570",2,Blue,Disagree,Strongly Disagree,Agree,Neutral,Strongly Agree,Hybrid,Finance
1553,Africa,Male,54,0,11.16423299,27.17943884,,"70,094",4,Purple,,Disagree,Agree,Agree,Strongly Agree,Hybrid,Finance
